"Loan_ID,Gender,Married,Dependents,Education,Self_Employed,ApplicantIncome,CoapplicantIncome,LoanAmount,Loan_Amount_Term,Credit_History,Property_Area,Loan_Status"
sdv-id-KdQXXS
sdv-id-AtCufL
sdv-id-BXrWJL
sdv-id-YwhtOf
sdv-id-TPdJsk
sdv-id-KEQRCt
sdv-id-TmaNIE
sdv-id-LOMskL
sdv-id-lpxuwd
sdv-id-qakzJI
sdv-id-wrDgWY
sdv-id-dBggpJ
sdv-id-nTJxgk
sdv-id-sRPYVR
sdv-id-hLCwwo
sdv-id-fBhQjw
sdv-id-iuaCiY
sdv-id-diYdcn
sdv-id-fQdyxI
sdv-id-KlHkln
sdv-id-bxMSLa
sdv-id-HjCsIO
sdv-id-OzTbOs
sdv-id-CdUCpr
sdv-id-ICXXgf
sdv-id-tWesLG
sdv-id-NTNuwm
sdv-id-namOSy
sdv-id-DeohWt
sdv-id-JNdTRY
sdv-id-whtaiq
sdv-id-fatdIO
sdv-id-XastXB
sdv-id-hpmugM
sdv-id-zBHNyE
sdv-id-YpMrnl
sdv-id-YdwKSy
sdv-id-CmHEIy
sdv-id-WbsKAK
sdv-id-bbnUcC
sdv-id-CPMaBZ
sdv-id-AiuBYs
sdv-id-GlJJkN
sdv-id-oYkVlQ
sdv-id-zLImsW
sdv-id-iQTmcT
sdv-id-LqAYKF
sdv-id-JBzGng
sdv-id-tRajiq
sdv-id-KWFZuX
sdv-id-qNjMux
sdv-id-NncGZz
sdv-id-yFOWfL
sdv-id-YicbnU
sdv-id-urXcpo
sdv-id-xGxFqv
sdv-id-odKLTu
sdv-id-DLnAoz
sdv-id-SySSWK
sdv-id-yVYttb
sdv-id-AFjhDS
sdv-id-hPzBtY
sdv-id-mxDedP
sdv-id-kAEIbq
sdv-id-HlxiRd
sdv-id-aUORzn
sdv-id-JEYgrC
sdv-id-MpZgLA
sdv-id-AChDOS
sdv-id-MnJYaI
sdv-id-YNfrmN
sdv-id-PDEsJP
sdv-id-HGSvjJ
sdv-id-XKETwX
sdv-id-fTNtci
sdv-id-gdbhxr
sdv-id-TRHQdP
sdv-id-FrPSlX
sdv-id-wgBsOo
sdv-id-NQLmTU
sdv-id-KcYhpv
sdv-id-axawtv
sdv-id-SzCBbg
sdv-id-AtMZej
sdv-id-uIvdSH
sdv-id-LFauZf
sdv-id-TnIMDd
sdv-id-BHNbpk
sdv-id-gJuFpE
sdv-id-QhdMRd
sdv-id-nCMwrl
sdv-id-pUQgGK
sdv-id-ekeEXy
sdv-id-RhgRlj
sdv-id-vFEVkR
sdv-id-OLEuBa
sdv-id-AyUWDM
sdv-id-dAaGvO
sdv-id-eGbwcS
sdv-id-eizCjT
sdv-id-UfbVVe
sdv-id-rjtdHY
sdv-id-hpeuJV
sdv-id-htTqdv
sdv-id-SXXxIA
sdv-id-qcGlgC
sdv-id-JXaBrm
sdv-id-XpDgfn
sdv-id-CYyFRz
sdv-id-VyiBFV
sdv-id-PFUHqP
sdv-id-IOvydf
sdv-id-PVnapS
sdv-id-wnNLMx
sdv-id-ZlbzoJ
sdv-id-QRfOyP
sdv-id-LjlBMt
sdv-id-nKitJP
sdv-id-SZGPGn
sdv-id-lcspjU
sdv-id-WnGuXf
sdv-id-wPBpRp
sdv-id-AArbRq
sdv-id-ZaHXXS
sdv-id-UpMQaB
sdv-id-LCYoYW
sdv-id-VIaaTU
sdv-id-LeVrJV
sdv-id-lECJfw
sdv-id-ghBBAN
sdv-id-pOZNCv
sdv-id-eHVUSL
sdv-id-ptmbDn
sdv-id-GSTQXM
sdv-id-dFzhVt
sdv-id-vxwxSc
sdv-id-cAgSEj
sdv-id-BpxEPC
sdv-id-gyXGCb
sdv-id-YWzpSC
sdv-id-yoaZQL
sdv-id-JzhehC
sdv-id-mYkSjo
sdv-id-lALJVI
sdv-id-RYJYub
sdv-id-pToGbW
sdv-id-GLwXSh
sdv-id-DOdcAs
sdv-id-mvKPIO
sdv-id-SWKhhA
sdv-id-FWspdY
sdv-id-rOYOcI
sdv-id-EKvQcH
sdv-id-VLLbYw
sdv-id-jaMBVh
sdv-id-nFtwlr
sdv-id-ZxGBJI
sdv-id-mjtJUg
sdv-id-AXMIKB
sdv-id-plksqp
sdv-id-BAomNE
sdv-id-XAhrCA
sdv-id-Tckrjy
sdv-id-pyXMZH
sdv-id-llIcpr
sdv-id-ngkVJZ
sdv-id-OogjMH
sdv-id-RcylCB
sdv-id-SlOLKf
sdv-id-qFUCmI
sdv-id-jfJLnr
sdv-id-NVHiYi
sdv-id-rxDcfG
sdv-id-xhiSpk
sdv-id-mtyLUe
sdv-id-BcNSTD
sdv-id-iaUdad
sdv-id-ToPBoA
sdv-id-CTjsUl
sdv-id-LNzEIf
sdv-id-GBqDPg
sdv-id-equtRV
sdv-id-XhIxrh
sdv-id-rTgivZ
sdv-id-jGQICQ
sdv-id-VejGZq
sdv-id-rwmGms
sdv-id-QQbGsc
sdv-id-ZFSAST
sdv-id-dAuuPX
sdv-id-tgUJRO
sdv-id-fttvbO
sdv-id-jJfTaC
sdv-id-PvBGxZ
sdv-id-uRtyQC
sdv-id-dHQFoj
sdv-id-MQgfyW
sdv-id-TWhPCT
sdv-id-PNlfYF
sdv-id-hLyugb
sdv-id-naajST
sdv-id-PeLmMh
sdv-id-XlXyqj
sdv-id-PPcqgw
sdv-id-GcCMZW
sdv-id-bFUFCo
sdv-id-mNxyrH
sdv-id-VAsgNw
sdv-id-dIatPU
sdv-id-OMXOzL
sdv-id-muJgLu
sdv-id-YPRyBU
sdv-id-OJFRkN
sdv-id-aHIHbi
sdv-id-iMHoXD
sdv-id-MAkGWV
sdv-id-iefJok
sdv-id-qGvEVu
sdv-id-iglrkL
sdv-id-sHvgHX
sdv-id-dMzoZY
sdv-id-QRASKn
sdv-id-eAMCNW
sdv-id-lQjODC
sdv-id-pAHmsB
sdv-id-tCiNVm
sdv-id-uRtvDG
sdv-id-ahgPMY
sdv-id-ovEmQa
sdv-id-SWLTkC
sdv-id-woaUHu
sdv-id-BpnyGZ
sdv-id-DtLrEH
sdv-id-hEFwfD
sdv-id-ZLHesD
sdv-id-HwUXBB
sdv-id-ysLCWu
sdv-id-iTmITh
sdv-id-YFgrjI
sdv-id-AzCgKv
sdv-id-noAdNI
sdv-id-sjWXuy
sdv-id-eAfIBs
sdv-id-CTuBwB
sdv-id-XgsYLK
sdv-id-FlaGNZ
sdv-id-jxIQqx
sdv-id-fBTrXw
sdv-id-tdhwaq
sdv-id-eIeRTh
sdv-id-mMofOo
sdv-id-OGRXsY
sdv-id-NpiGCQ
sdv-id-LqLXKT
sdv-id-aJlwzx
sdv-id-SGxegY
sdv-id-NxpJLq
sdv-id-WtpcaQ
sdv-id-BnraSC
sdv-id-RJtfLh
sdv-id-tjZkXX
sdv-id-uxNXjV
sdv-id-JgTmcf
sdv-id-CBjPix
sdv-id-UxUAQz
sdv-id-tFGLJj
sdv-id-vzonVC
sdv-id-MRlQpW
sdv-id-LDzWIU
sdv-id-VohcZW
sdv-id-tkKGNi
sdv-id-genNDg
sdv-id-cvRFHF
sdv-id-QPPjEq
sdv-id-lFxDIb
sdv-id-SHXqUC
sdv-id-wsZJQQ
sdv-id-IpbGJI
sdv-id-mxuAmI
sdv-id-SFEdiY
sdv-id-KrDNEI
sdv-id-YeNKAa
sdv-id-uUJpYX
sdv-id-siueCg
sdv-id-nHpMhJ
sdv-id-zJElNm
sdv-id-inQqVj
sdv-id-ZzBSha
sdv-id-PEAHrk
sdv-id-PlbAek
sdv-id-DRgbTe
sdv-id-LLuzDo
sdv-id-fOfRxG
sdv-id-aAgDIC
sdv-id-ZGuQvo
sdv-id-eWzvHb
sdv-id-zTyvGk
sdv-id-KINptl
sdv-id-gOFFLo
sdv-id-EOoZdM
sdv-id-oWVqau
sdv-id-ZZqcng
sdv-id-HGiscR
sdv-id-AlAxEp
sdv-id-FzUJgh
sdv-id-kyCfEt
sdv-id-pYhBPg
sdv-id-aIWfBl
sdv-id-jDDBjD
sdv-id-POpypn
sdv-id-ZQGkgY
sdv-id-SjpIYS
sdv-id-fOmxvb
sdv-id-DfXYpu
sdv-id-TyzEFC
sdv-id-tOuRHU
sdv-id-CZTcbv
sdv-id-KUqxRN
sdv-id-prsJKB
sdv-id-DAStac
sdv-id-ywRvfb
sdv-id-XogOCM
sdv-id-LevQaf
sdv-id-vaQagr
sdv-id-TMVvBx
sdv-id-dEQnwM
sdv-id-otBJVj
sdv-id-BCoJlc
sdv-id-wcpxUq
sdv-id-VquaGT
sdv-id-eukqib
sdv-id-DZdRPy
sdv-id-mxGhXu
sdv-id-rojCJI
sdv-id-bBLOMD
sdv-id-GiytlV
sdv-id-yfSRDI
sdv-id-dzabuv
sdv-id-lnSBpL
sdv-id-MfIJHL
sdv-id-DTjUlB
sdv-id-ZUznbz
sdv-id-mSjMBj
sdv-id-kQjvte
sdv-id-UwPMIb
sdv-id-MQSaNR
sdv-id-NxeyPi
sdv-id-VObsoa
sdv-id-jBVghZ
sdv-id-opSspg
sdv-id-ZGaIsv
sdv-id-aSkzDB
sdv-id-dXonaH
sdv-id-GANrSZ
sdv-id-WoVQIa
sdv-id-yRZPmp
sdv-id-idtRsm
sdv-id-ceaiXp
sdv-id-WXHFfX
sdv-id-DLLzAP
sdv-id-XGjHZv
sdv-id-ikbhSF
sdv-id-MZmEiu
sdv-id-BagsQx
sdv-id-JLSdkW
sdv-id-TIxiyu
sdv-id-bIaHzz
sdv-id-ynLYUn
sdv-id-ehAplX
sdv-id-ZeQCQW
sdv-id-pbEDrR
sdv-id-fsYkOc
sdv-id-XWePgn
sdv-id-PrAqDT
sdv-id-cQBeYJ
sdv-id-omjDvL
sdv-id-Sofirs
sdv-id-GdTDEn
sdv-id-eUrbPI
sdv-id-BiRBtn
sdv-id-wrJKgG
sdv-id-GbYdwO
sdv-id-DNzZci
sdv-id-VWsgiA
